pos_module,pos_cluster,sig,id_module,size_module,pos_module,proteins,annotated_proteins,id_cluster,size_cluster,pos_cluster
0,1,4.805996717340916,MD_00,5,0,28.0,6.0,CC_01,6,1
1,3,3.41319634832129,MD_01,4,1,43.0,12.0,CC_03,8,3
2,0,5.492377594368916,MD_02,4,2,28.0,7.0,CC_00,7,0
3,2,4.040079923374285,MD_03,4,3,20.0,0.0,CC_02,5,2
5,3,1.4667440833082186,MD_05,2,5,30.0,30.0,CC_03,8,3
7,3,6.10780154725486,MD_07,2,7,14.0,0.0,CC_03,8,3
8,2,2.483777422606998,MD_08,2,8,8.0,4.0,CC_02,5,2
9,4,3.182747426943017,MD_09,2,9,8.0,4.0,CC_04,4,4
