,VC,Size,Internal Weight,External Weight,Quality,P-value,Min Dist,Max Dist,Total Dist,Below Thres,Taxon Prediction Score,Avg Dist,Members
0,VC_0_0,7,283.22013584349213,139.98698687789908,0.6692234620775598,5.878779484165716e-12,1.4142135623730951,4.47213595499958,21,21,1.0,3.8087622122391114,"AOIO01000049.1,AOIP01000022.1,CP031299.1,CP084476.1,JDTG01000019.1,NC_013748.1,NC_015659.1"
1,VC_1_0,6,173.1321970343,162.18084234002148,0.5163300459694518,1.6267209000630614e-09,1.4142135623730951,4.47213595499958,15,15,1.0,3.1743334464904076,"BBJN01000020.1,CP100004.1,FOXI01000018.1,Gairdner_NODE_107_length_49922_cov_74.384603,JAANTI010000009.1,WSZK01000033.1"
2,VC_2_0,5,141.08991036599397,47.934937391109926,0.7464093321069296,7.191567866598308e-06,0.0,4.358898943540674,10,10,1.0,3.228964414914266,"AOJE01000051.1,CP101158.1,KX687704.1,KX906370.1,LOAJ01000002.1"
3,VC_3_0,8,280.44476130409623,164.2291042927126,0.6306751599348069,1.0211923641049249e-13,0.0,5.0990195135927845,28,28,1.0,4.076937947939001,"AOLZ01000012.1,CP019286.1,CP019329.1,CP095494.1,CP099999.1,CP119801.1,FNFE01000011.1,LWLN01000003.1"
4,VC_4_0,4,95.34138296262088,61.22016025632247,0.6089706386535217,0.00026616012184894623,1.7320508075688772,4.0,6,6,1.0,3.050971080514675,"Eyre_NODE_236_length_33155_cov_19.932,Eyresouth_NODE_101_length_48437_cov_7.17035,Frome_NODE_383_length_24936_cov_4.316346,QKNW01000002.1"
5,VC_5_0,5,50.5031088220151,91.88711332945365,0.35468101712975775,1.3574916726459911e-05,2.449489742783178,3.4641016151377544,10,10,1.0,3.0176426729206227,"AOIR01000042.1,AOJE01000025.1,CP101161.1,Gairdner_NODE_167_length_41210_cov_9.888325,JAJCVI010000002.1"
