qname	tname	qgenes	tgenes	sgenes	qcov	tcov	aai	g_aai
AOJE01000051.1	NC_021328	53.0	243.0	1	1.8867924528301887	0.411522633744856	61.5	1.160377358490566
AOJE01000051.1	PhaPhyCS_Seq_101571	53.0	13.0	1	1.8867924528301887	7.6923076923076925	36.2	2.784615384615385
