Virus,Host contig,Host,V Cover,H Cover,Match length,Id %,N match,Hit number (for duplications)
Gairdner_NODE_107_length_49922_cov_74.384603,GCF_013391085.1|NZ_CP058334.1,GCF_013391085.1,15.13,0.24,7552,83.99,6343,0
Gairdner_NODE_107_length_49922_cov_74.384603,GCA_003021305.1|PXQN01000033.1,GCA_003021305.1,1.0,1.66,500,92.6,463,1
Gairdner_NODE_107_length_49922_cov_74.384603,GCF_000337455.1|NZ_AOIU01000033.1,GCF_000337455.1,1.18,0.2,581,87.09,506,2
Gairdner_NODE_144_length_43966_cov_7.457380,GCF_001861355.1|NZ_MASN01000014.1,GCF_001861355.1,4.42,13.97,1942,86.46,1679,3
Gairdner_NODE_144_length_43966_cov_7.457380,GCF_900110215.1|NZ_FOCX01000065.1,GCF_900110215.1,3.93,18.39,1730,84.34,1459,4
Gairdner_NODE_167_length_41210_cov_9.888325,3300026964_3|3300026964.a:Ga0207732_100058,3300026964_3,1.72,0.71,709,80.82,573,5
Tyrell_NODE_42_length_52436_cov_43.400050,GCF_003675855.1|NZ_RCIH01000001.1,GCF_003675855.1,1.32,0.11,693,80.66,559,6
