qname	tname	qgenes	tgenes	sgenes	qcov	tcov	aai	g_aai
Frome_NODE_383_length_24936_cov_4.316346	PhaPhyCS_Seq_170767	23.0	61.0	1	4.3478260869565215	1.639344262295082	30.7	1.334782608695652
Frome_NODE_383_length_24936_cov_4.316346	PhaPhyCS_Seq_170965	23.0	87.0	1	4.3478260869565215	1.1494252873563218	26.4	1.1478260869565216
