qname	tname	qgenes	tgenes	sgenes	qcov	tcov	aai	g_aai
Gairdner_NODE_107_length_49922_cov_74.384603	PhaPhyCS_Seq_170994	80.0	24.0	3	3.75	12.5	46.166666666666664	5.770833333333333
Gairdner_NODE_107_length_49922_cov_74.384603	PhaPhyCS_Seq_171010	80.0	18.0	2	2.5	11.11111111111111	44.150000000000006	4.905555555555556
Gairdner_NODE_107_length_49922_cov_74.384603	PhaPhyCS_Seq_170966	80.0	25.0	2	2.5	8.0	37.2	2.9760000000000004
Gairdner_NODE_107_length_49922_cov_74.384603	PhaPhyCS_Seq_170962	80.0	28.0	1	1.25	3.5714285714285716	44.3	1.5821428571428569
Gairdner_NODE_107_length_49922_cov_74.384603	PhaPhyCS_Seq_170972	80.0	17.0	1	1.25	5.882352941176471	57.4	3.376470588235294
Gairdner_NODE_107_length_49922_cov_74.384603	PhaPhyCS_Seq_162731	80.0	25.0	1	1.25	4.0	57.4	2.296
Gairdner_NODE_107_length_49922_cov_74.384603	PhaPhyCS_Seq_170980	80.0	27.0	1	1.25	3.7037037037037037	75.6	2.8
