contig,min_orf,max_orf
AOIR01000042.1,32,61
CP050018.1,37,73
Eyre_NODE_236_length_33155_cov_19.932,22,44
Eyresouth_NODE_101_length_48437_cov_7.17035,4,32
Frome_NODE_383_length_24936_cov_4.316346,1,23
Gairdner_NODE_107_length_49922_cov_74.384603,7,34
Gairdner_NODE_167_length_41210_cov_9.888325,14,37
KX687704.1,2,30
NC_013748.1,4,33
NC_015659.1,80,103
NZ_AOID01000019.1,1,119
NZ_AOIO01000049.1,84,114
NZ_AOIP01000022.1,16,40
NZ_AOJE01000051.1,16,53
NZ_AOLM01000007.1,35,62
NZ_AOLZ01000012.1,14,39
NZ_BBJN01000020.1,27,51
NZ_CP019329.1,55,158
NZ_CP084476.1,48,82
NZ_CP095494.1,28,56
NZ_CP099999.1,22,46
NZ_CP100004.1,1,164
NZ_CP101158.1,25,96
NZ_CP101161.1,244,3073
NZ_CP119801.1,23,50
NZ_FNFE01000011.1,14,42
NZ_FOXI01000018.1,34,55
NZ_JAAOHU010000009.1,1,68
NZ_JAJCVI010000002.1,552,575
NZ_JDTG01000019.1,28,105
NZ_LOAJ01000002.1,40,112
NZ_LWLN01000003.1,8,115
NZ_PSYY01000019.1,1,10
NZ_QKNW01000002.1,13,73
NZ_RJJW01000001.1,23,530
NZ_SJER01000008.1,122,148
NZ_SRIF01000015.1,53,84
NZ_WSZK01000033.1,17,41
