qname	tname	qgenes	tgenes	sgenes	qcov	tcov	aai	g_aai
Eyre_NODE_236_length_33155_cov_19.932	PhaPhyCS_Seq_171000	44.0	79.0	1	2.272727272727273	1.2658227848101267	51.6	1.1727272727272728
Eyre_NODE_236_length_33155_cov_19.932	NC_031253	44.0	127.0	1	2.272727272727273	0.7874015748031497	45.6	1.0363636363636364
Eyre_NODE_236_length_33155_cov_19.932	PhaPhyCS_Seq_86445	44.0	44.0	1	2.272727272727273	2.272727272727273	45.0	1.0227272727272727
Eyre_NODE_236_length_33155_cov_19.932	PhaPhyCS_Seq_90876	44.0	46.0	1	2.272727272727273	2.1739130434782608	45.0	1.0227272727272727
Eyre_NODE_236_length_33155_cov_19.932	PhaPhyCS_Seq_103301	44.0	46.0	1	2.272727272727273	2.1739130434782608	45.0	1.0227272727272727
Eyre_NODE_236_length_33155_cov_19.932	PhaPhyCS_Seq_163073	44.0	24.0	1	2.272727272727273	4.166666666666667	37.7	1.5708333333333333
Eyre_NODE_236_length_33155_cov_19.932	PhaPhyCS_Seq_171021	44.0	82.0	1	2.272727272727273	1.2195121951219512	54.5	1.2386363636363638
Eyre_NODE_236_length_33155_cov_19.932	PhaPhyCS_Seq_170965	44.0	87.0	2	4.545454545454546	2.2988505747126435	34.4	1.5636363636363637
