system.number,seqid,system,target.name,hmm.accession,hmm.name,protein.name,full.seq.E.value,domain.iE.value,target.coverage,hmm.coverage,start,end,strand,target.description,relative.position,contig.end,all.domains,best.hits
1,BBJN01000020.1,PDC-S11,BBJN01000020.1_56,PDLC04911,PDC-S11_WP_167956302.1,PDC-S11,4.299999999999999e-103,5.099999999999999e-103,0.972,0.981,49934,50896,-,# 49934 # 50896 # -1 # ID=1_56;partial=00;start_type=ATG;rbs_motif=None;rbs_spacer=None;gc_cont=0.553,56,116,"PDLC04912,PDC-S11_WP_055175232.1, 1, 4.2e-79, 0.972, 0.99 | PDLC04913,PDC-S11_WP_158522352.1, 1, 0.37, 0.271, 0.227 | PDLC04913,PDC-S11_WP_158522352.1, 2, 6e-27, 0.47, 0.392 | PDLC04914,PDC-S11_WP_033147849.1, 1, 2.6e-94, 0.981, 0.99 | PDLC04911,PDC-S11_WP_167956302.1, 1, 5.1e-103, 0.972, 0.981","PDLC04911, PDC-S11_WP_167956302.1, 5.1e-103, 0.972, 0.981 | PDLC04914, PDC-S11_WP_033147849.1, 2.6e-94, 0.981, 0.99 | PDLC04912, PDC-S11_WP_055175232.1, 4.2e-79, 0.972, 0.99 | PDLC04913, PDC-S11_WP_158522352.1, 6e-27, 0.47, 0.392"
2,BBJN01000020.1,PDC-S45,BBJN01000020.1_81,PDLC05022,PDC-S45_WP_022347781.1,PDC-S45,1.5e-27,2e-27,0.81,0.751,70228,71034,-,# 70228 # 71034 # -1 # ID=1_81;partial=00;start_type=ATG;rbs_motif=None;rbs_spacer=None;gc_cont=0.480,81,116,"PDLC05022,PDC-S45_WP_022347781.1, 1, 2e-27, 0.81, 0.751","PDLC05022, PDC-S45_WP_022347781.1, 2e-27, 0.81, 0.751"
