system.number,seqid,system,target.name,hmm.accession,hmm.name,protein.name,full.seq.E.value,domain.iE.value,target.coverage,hmm.coverage,start,end,strand,target.description,relative.position,contig.end,all.domains,best.hits
1,SJER01000008.1,PDC-S70,SJER01000008.1_107,PDLC05071,PDC-S70_WP_028295898.1,PDC-S70,6.5000000000000006e-21,8.100000000000001e-21,0.764,0.801,54103,54624,+,# 54103 # 54624 # 1 # ID=1_107;partial=00;start_type=ATG;rbs_motif=None;rbs_spacer=None;gc_cont=0.561,107,165,"PDLC05070,PDC-S70_WP_098062946.1, 1, 2.1e-10, 0.77, 0.807 | PDLC05068,PDC-S70_WP_231943083.1, 1, 1.6e-11, 0.707, 0.96 | PDLC05071,PDC-S70_WP_028295898.1, 1, 8.1e-21, 0.764, 0.801 | PDLC05069,PDC-S70_WP_228037544.1, 1, 3.1e-06, 0.736, 0.77 | PDLC05072,PDC-S70_WP_199233535.1, 1, 9.4e-06, 0.684, 0.689 | PDLC05073,PDC-S70_WP_201568547.1, 1, 5.5e-18, 0.747, 0.784 | PDLC05074,PDC-S70_WP_210224262.1, 1, 4e-08, 0.379, 0.528","PDLC05071, PDC-S70_WP_028295898.1, 8.1e-21, 0.764, 0.801 | PDLC05073, PDC-S70_WP_201568547.1, 5.5e-18, 0.747, 0.784 | PDLC05068, PDC-S70_WP_231943083.1, 1.6e-11, 0.707, 0.96 | PDLC05070, PDC-S70_WP_098062946.1, 2.1e-10, 0.77, 0.807 | PDLC05074, PDC-S70_WP_210224262.1, 4e-08, 0.379, 0.528"
