qname	tname	qgenes	tgenes	sgenes	qcov	tcov	aai	g_aai
Eyresouth_NODE_101_length_48437_cov_7.17035	PhaPhyCS_Seq_170989	56.0	45.0	1	1.7857142857142858	2.2222222222222223	46.2	1.0266666666666668
Eyresouth_NODE_101_length_48437_cov_7.17035	PhaPhyCS_Seq_170965	56.0	87.0	2	3.5714285714285716	2.2988505747126435	31.05	1.1089285714285715
Eyresouth_NODE_101_length_48437_cov_7.17035	PhaPhyCS_Seq_86445	56.0	44.0	1	1.7857142857142858	2.272727272727273	44.6	1.0136363636363637
Eyresouth_NODE_101_length_48437_cov_7.17035	PhaPhyCS_Seq_163073	56.0	24.0	1	1.7857142857142858	4.166666666666667	39.3	1.6374999999999997
